"genesysId","uuid","instCode","acceNumb","doi","genus","species","spAuthor","subtaxa","subtAuthor","fullTaxa","origCty","acqSrc","acqDate","mlsStat","available","historic","storage","sampStat","duplSite","createdBy","createdDate","lastModifiedBy","lastModifiedDate"
"7289","5274d814-17e4-467b-a4b6-f4e803383285","USA020","Ames 24703",,"Rumex","acetosa","L.","","","Rumex acetosa L.","POL","10","19980701","","false","false","10","100",,"","","","2014-07-23 17:17:20"
"198722","834b3f93-655b-4e31-8115-fbca05f2661f","USA020","Ames 24666",,"Rumex","acetosa","L.","","","Rumex acetosa L.","HUN","10","19980602","","false","false","10","100",,"","","","2014-07-23 13:25:46"
"2978036","d57ee4b9-c99b-446a-97de-1e68a1a2e117","BGR001","1983-RUM-AC-1",,"Rumex","acetosa","L.","","","Rumex acetosa L.","BGR","20",,"","","false",,"100",,"","","1285","2020-05-11 06:19:54"
"3409777","b0421d62-9c67-47a8-bce5-95930d5289e7","UKR019","UL2000004",,"Rumex","acetosa","L.","","","Rumex acetosa L.","UKR","40","19990000","","","false","12","100",,"","","1285","2020-05-11 12:02:32"
"3536972","cdf7ec48-f9cd-4cf4-8399-e3c53071cfb4","ESP109","NC079761",,"Rumex","acetosa","L.","","","Rumex acetosa L.","ESP","61","20040225","false","","false","13","100","ESP004","","","1285","2020-05-11 07:20:42"
"3797024","52e3edff-8a4f-4dc7-8bf7-a99001a77247","GBR004","364726",,"Rumex","acetosa","L.","","","Rumex acetosa L.","CHN",,"20070102","false","false","false","10","110",,"","","4","2020-04-09 09:30:43"
"3824626","1bbdcfc9-6a20-41be-921d-eda65d986c86","GBR004","17228",,"Rumex","acetosa","L.","","","Rumex acetosa L.","GBR",,"19810805","false","false","false","10","110",,"","","4","2020-04-09 09:28:04"
"3826905","e3c7c420-14ac-4317-bab1-d3faf0e11e6e","GBR004","32111",,"Rumex","acetosa","L.","","","Rumex acetosa L.","GRC",,"19741001","false","false","false","10;40","110",,"","","4","2020-04-09 09:28:13"
"3837227","42c3b3dc-121e-4b26-85f7-7b35debd3122","POL003","178316",,"Rumex","acetosa","L.","","","Rumex acetosa L.","UKR",,"20070313","false","","false","13","120",,"","","1285","2020-05-11 10:22:38"
"3837228","0302569c-8797-4271-9307-1b29f3624986","POL003","178317",,"Rumex","acetosa","L.","","","Rumex acetosa L.","UKR",,"20070313","false","","false","13","120",,"","","1285","2020-05-11 10:27:51"
"3837231","bda03624-6c4a-459b-9463-2f77f4798fca","POL003","178311",,"Rumex","acetosa","L.","","","Rumex acetosa L.","UKR",,"20070313","false","","false","13","120",,"","","1285","2020-05-11 10:27:51"
"3843990","981f0f1f-a137-4bf0-bcfd-6aae32bf34e2","POL003","139557",,"Festuca","pratensis","HUDS.","","","Festuca pratensis HUDS.","POL",,"20040218","true","","false","13","100",,"","","1285","2020-05-11 10:27:03"
"3844095","9391382e-d925-4be9-82d5-84c1429481f6","POL003","237965",,"Cynosurus","cristatus","L.","","","Cynosurus cristatus L.","POL",,"20040218","false","","false","13","100",,"","","1285","2020-05-11 10:28:17"
"3914890","97bcfb2b-fa70-4a3d-bf59-8ea265c8cd59","ARM035","30A01/SYR002:IG126327",,"Rumex","acetosa","L.","","","Rumex acetosa L.","ARM",,,"true","","false","10","100",,"","","1285","2020-05-11 06:06:29"
"3941548","cc90af4a-3373-4b1c-af27-6b23ad9eadbf","HRV041","MAP00456",,"Rumex","acetosa","L.","","","Rumex acetosa L.","HRV","12",,"","","false","12","100",,"","","1285","2020-05-11 09:49:45"
"3941662","12f97144-d417-4673-92f9-fcd97a0c2e02","HRV041","MAP00261",,"Rumex","acetosa","L.","","","Rumex acetosa L.","HRV","13",,"","","false","12","100",,"","","1285","2020-05-11 09:49:33"
"3946790","96291680-8686-4bae-b5db-939ea7bb777b","ROM007","ROM007:18176",,"Rumex","acetosa","L.","","","Rumex acetosa L.","ROU","13","2009----","false","","false","12","100",,"","","1285","2020-05-11 10:44:52"
"3973552","e59679b8-d5e9-4d80-b8d5-97ca046266ec","POL003","500900",,"Hypericum","perforatum","L.","","","Hypericum perforatum L.","POL","61","2009----","false","","false","13","100",,"","","1285","2020-05-11 10:24:46"
"3973712","1d37e093-2d78-4237-8339-7dc36933d060","POL003","500898",,"Conium","maculatum","L.","","","Conium maculatum L.","POL","61","2009----","false","","false","13","100",,"","","1285","2020-05-11 10:21:26"
"4092196","a9e9c60c-00cb-4499-847f-8d2b6ddba8f0","HRV041","MAP02420",,"Rumex","acetosa","L.","","","Rumex acetosa L.","HRV",,,"","","false","12","100",,"2","2014-01-09 22:00:40","1285","2020-05-11 09:49:22"
"4092200","5c090899-5f54-41ed-b7fe-4acdfa2c5025","HRV041","MAP02419",,"Rumex","acetosa","L.","","","Rumex acetosa L.","HRV",,,"","","false","12","100",,"2","2014-01-09 22:00:40","1285","2020-05-11 09:49:32"
"4283359","ec2803c3-54b7-4e0e-a536-0478f7885e16","SWE054","NGB24261",,"Rumex","acetosa","","","","Rumex acetosa","RUS",,"20120823","false","","false","13","100","NOR051","2","2014-01-09 23:31:32","1285","2020-05-11 11:47:48"
"4283377","dd6f7f4b-82ab-45d4-ba2c-6c60f3b375c9","SWE054","NGB24263",,"Rumex","acetosa","","","","Rumex acetosa","RUS",,"20120823","false","","false","13","100","NOR051","2","2014-01-09 23:31:32","1285","2020-05-11 11:47:22"
"4283393","560bd9a6-6140-483a-8628-252ac8444728","SWE054","NGB24262",,"Rumex","acetosa","","","","Rumex acetosa","RUS",,"20120823","false","","false","13","100","NOR051","2","2014-01-09 23:31:32","1285","2020-05-11 11:47:20"
"4283453","c3fe33e7-1c75-426c-9802-6210e8b15eaa","SWE054","NGB24260",,"Rumex","acetosa","","","","Rumex acetosa","RUS",,"20120823","false","","false","13","100","NOR051","2","2014-01-09 23:31:33","1285","2020-05-11 11:44:22"
"4539648","c584144b-6482-43cf-80b8-053052ece215","GBR004","667003",,"Rumex","acetosa","L.","subsp. acetosa","","Rumex acetosa L. subsp. acetosa","GBR",,"20120709","false","false","false","10","110",,"4","2015-09-25 14:01:23","4","2020-04-09 09:32:56"
"4540628","e15c53e3-9ee3-40e7-897f-63442b19aaa7","GBR004","682778",,"Rumex","acetosa","L.","","","Rumex acetosa L.","SVK",,"20121210","false","false","false","10","110",,"4","2015-09-25 14:11:34","4","2020-04-09 09:33:06"
"4548965","9c5b0caa-40ce-44bd-89d6-69abd2b6c1bc","GBR004","793300",,"Rumex","acetosa","L.","","","Rumex acetosa L.","GBR",,"20140619","false","false","false","10","110",,"4","2015-09-25 15:17:16","4","2020-04-09 09:33:37"
"4876662","99f586ac-4a44-445a-a66d-dba94915f590","AZE004","AzGR-4544",,"Rumex","acetosa","L.","","","Rumex acetosa L.","AZE",,"19690814","","","false",,"100",,"4","2016-10-27 18:37:04","1285","2020-05-11 06:08:45"
"4882874","6b4f6b04-a29c-4a95-ac23-f1256cc0c3a9","AZE015","AzGR-9315","10.18730/V81AC","Rumex","acetosa","L.","","","Rumex acetosa L.","AZE",,"200904--","","","false","12","100",,"4","2016-10-27 18:38:22","1285","2020-05-11 06:10:04"
"4882882","13b65a50-caf1-4922-b0cd-414ed0401b01","AZE015","AzGR-9969","10.18730/V8NV3","Rumex","acetosa","L.","","","Rumex acetosa L.","AZE",,"20091014","","","false","12","100",,"4","2016-10-27 18:38:22","1285","2020-05-11 06:11:02"
"4882883","30a36349-2d32-4480-bb35-33c55d5a150f","AZE015","AzGR-7888","10.18730/V7NE2","Rumex","acetosa","L.","","","Rumex acetosa L.","AZE",,"200612--","","","false","12","100",,"4","2016-10-27 18:38:22","1285","2020-05-11 06:09:15"
"4882903","147a35a0-f6d9-41ca-8e24-c204d0351efd","AZE015","AzGR-9706","10.18730/V877G","Rumex","acetosa","Griff.","","","Rumex acetosa Griff.","AZE",,"200910--","","","false","12","100",,"4","2016-10-27 18:38:22","1285","2020-05-11 06:10:21"
"4882913","660521ec-5643-4071-a838-fbf57459df74","AZE015","AzGR-9740","10.18730/V4GX4","Rumex","acetosa","Griff.","","","Rumex acetosa Griff.","AZE",,"200910--","","","false","12","100",,"4","2016-10-27 18:38:22","1285","2020-05-11 06:10:55"
"4883281","22003721-5dde-4814-a144-0fd02948402c","AZE015","AzGR-7625","10.18730/V56FW","Rumex","acetosa","L.","","","Rumex acetosa L.","AZE",,"2004----","","","false","12","100",,"4","2016-10-27 18:38:28","1285","2020-05-11 06:10:53"
"4883284","56f28173-bfd1-401e-82af-b26418db36ee","AZE015","AzGR-10132","10.18730/V4RAK","Rumex","acetosa","L.","","","Rumex acetosa L.","AZE",,"20110128","","","false","12","100",,"4","2016-10-27 18:38:28","1285","2020-05-11 06:10:55"
"4883312","2fcc679a-aa55-4390-bdbf-8ff185e8e5b4","AZE015","AzGR-10115","10.18730/V52YT","Rumex","acetosa","L.","","","Rumex acetosa L.","AZE",,"20110128","","","false","12","100",,"4","2016-10-27 18:38:28","1285","2020-05-11 06:10:46"
"4890554","0e51f69c-3576-4337-8601-a38adf1f2b0f","DEU022","NO-01-0563-2010",,"Rumex","acetosa","L.","","","Rumex acetosa L.","DEU",,"2010----","false","","false","10","100","DEU502","4","2016-10-27 19:20:23","1285","2020-05-11 06:36:22"
"4890569","74964eab-9f7c-4e42-aa18-35a07410227b","DEU022","NO-01-0490-2010",,"Rumex","acetosa","L.","","","Rumex acetosa L.","DEU",,"2010----","false","","false","10","100","DEU502","4","2016-10-27 19:20:23","1285","2020-05-11 06:36:19"
"4890613","3052180d-2e82-4fcc-b654-2e679c9ff987","DEU022","NO-01-0476-2010",,"Rumex","acetosa","L.","","","Rumex acetosa L.","DEU",,"2010----","false","","false","10","100","DEU502","4","2016-10-27 19:20:23","1285","2020-05-11 06:36:21"
"4890941","043cfe34-e53f-4333-a108-c31f7da8fdc2","DEU022","NO-01-0082-2011",,"Rumex","acetosa","L.","","","Rumex acetosa L.","DEU",,"2011----","false","","false","10","100","DEU502","4","2016-10-27 19:20:26","1285","2020-05-11 06:36:26"
"4890964","e5e9aed3-9eb5-4b4d-b8e9-8f0147cdf64f","DEU022","NO-01-0371-2011",,"Rumex","acetosa","L.","","","Rumex acetosa L.","DEU",,"2011----","false","","false","10","100","DEU502","4","2016-10-27 19:20:26","1285","2020-05-11 06:36:21"
"4890967","61dc912e-88d7-42ef-876f-5758186fa73e","DEU022","NO-01-0324-2010",,"Rumex","acetosa","L.","","","Rumex acetosa L.","DEU",,"2010----","false","","false","10","100","DEU502","4","2016-10-27 19:20:26","1285","2020-05-11 06:36:25"
"4896269","86b5bb7d-d35d-4a0f-9a83-0ae55bd9fef1","DEU502","NW-02-0283-2012",,"Rumex","acetosa","L.","","","Rumex acetosa L.","DEU",,"2012----","false","","false","10","100","DEU022","4","2016-10-27 19:57:54","1285","2020-05-11 07:06:47"
"4896271","20a7939a-a90b-4a4d-b112-c730620a8cfb","DEU502","NW-01-0186-2011",,"Rumex","acetosa","L.","","","Rumex acetosa L.","DEU",,"2011----","false","","false","10","100","DEU022","4","2016-10-27 19:57:54","1285","2020-05-11 07:06:52"
"4896272","e819bf8f-f98f-41df-8c12-e6a7b0e4f9a1","DEU502","NW-04-0001-2012",,"Rumex","acetosa","L.","","","Rumex acetosa L.","DEU",,"2012----","false","","false","10","100","DEU022","4","2016-10-27 19:57:54","1285","2020-05-11 07:06:44"
"4896275","bdc80a39-027e-4832-b2ff-067f1df80e9a","DEU502","NW-02-0287-2012",,"Rumex","acetosa","L.","","","Rumex acetosa L.","DEU",,"2012----","false","","false","10","100","DEU022","4","2016-10-27 19:57:54","1285","2020-05-11 07:06:54"
"4896277","289dc3d3-31e2-4238-8f97-372ebfd033de","DEU502","NW-01-0191-2010",,"Rumex","acetosa","L.","","","Rumex acetosa L.","DEU",,"2010----","false","","false","10","100","DEU022","4","2016-10-27 19:57:54","1285","2020-05-11 07:06:40"
"4896278","20fac5f7-8cbb-4aa4-8817-b0ba8d8f5be9","DEU502","NW-02-0294-2012",,"Rumex","acetosa","L.","","","Rumex acetosa L.","DEU",,"2012----","false","","false","10","100","DEU022","4","2016-10-27 19:57:54","1285","2020-05-11 07:06:43"
"4896280","5c02d780-30d4-4a6d-ba2d-875bdcf2fdf0","DEU502","NW-01-0241-2011",,"Rumex","acetosa","L.","","","Rumex acetosa L.","DEU",,"2011----","false","","false","10","100","DEU022","4","2016-10-27 19:57:54","1285","2020-05-11 07:06:42"
"4896283","79d59fe9-6f17-4bea-9627-f603da91b424","DEU502","NW-02-0285-2012",,"Rumex","acetosa","L.","","","Rumex acetosa L.","DEU",,"2012----","false","","false","10","100","DEU022","4","2016-10-27 19:57:54","1285","2020-05-11 07:06:40"
"4896286","3f6dc948-7605-42e9-ab91-e716328340dd","DEU502","NW-01-0003-2011",,"Rumex","acetosa","L.","","","Rumex acetosa L.","DEU",,"2011----","false","","false","10","100","DEU022","4","2016-10-27 19:57:54","1285","2020-05-11 07:06:42"
"4896288","03558f77-9523-49da-97a3-e7be58fd7fe9","DEU502","NW-01-0108-2011",,"Rumex","acetosa","L.","","","Rumex acetosa L.","DEU",,"2011----","false","","false","10","100","DEU022","4","2016-10-27 19:57:54","1285","2020-05-11 07:06:39"
"4896290","c8ce285a-751e-4d77-8714-1fe28fdd718d","DEU502","NW-01-0307-2010",,"Rumex","acetosa","L.","","","Rumex acetosa L.","DEU",,"2010----","false","","false","10","100","DEU022","4","2016-10-27 19:57:54","1285","2020-05-11 07:06:37"
"4896293","8aaed1fa-f9eb-4dad-a685-148b49e458cb","DEU502","NW-01-0181-2011",,"Rumex","acetosa","L.","","","Rumex acetosa L.","DEU",,"2011----","false","","false","10","100","DEU022","4","2016-10-27 19:57:54","1285","2020-05-11 07:06:47"
"4896295","b9154c0e-aaeb-4868-8492-fd57b3095fc8","DEU502","NW-01-0228-2011",,"Rumex","acetosa","L.","","","Rumex acetosa L.","DEU",,"2011----","false","","false","10","100","DEU022","4","2016-10-27 19:57:54","1285","2020-05-11 07:07:04"
"4896297","2cfb56f9-8e85-4c2b-a1f1-49646f6ad11d","DEU502","NW-01-0183-2011",,"Rumex","acetosa","L.","","","Rumex acetosa L.","DEU",,"2011----","false","","false","10","100","DEU022","4","2016-10-27 19:57:54","1285","2020-05-11 07:06:40"
"4896298","eff75a0e-a27e-4483-adee-2606d4a6994f","DEU502","NW-01-0305-2010",,"Rumex","acetosa","L.","","","Rumex acetosa L.","DEU",,"2010----","false","","false","10","100","DEU022","4","2016-10-27 19:57:54","1285","2020-05-11 07:06:46"
"4896301","8b97323f-8288-4395-acdd-93bfeac305d5","DEU502","NW-01-0306-2010",,"Rumex","acetosa","L.","","","Rumex acetosa L.","DEU",,"2010----","false","","false","10","100","DEU022","4","2016-10-27 19:57:54","1285","2020-05-11 07:06:48"
"4896304","bec02e00-68ed-469c-aafe-c5c0af5f163c","DEU502","NW-02-0295-2012",,"Rumex","acetosa","L.","","","Rumex acetosa L.","DEU",,"2012----","false","","false","10","100","DEU022","4","2016-10-27 19:57:54","1285","2020-05-11 07:06:46"
"4896306","a14900fe-761e-4a90-bc83-dd75b193919c","DEU502","NW-01-0190-2011",,"Rumex","acetosa","L.","","","Rumex acetosa L.","DEU",,"2011----","false","","false","10","100","DEU022","4","2016-10-27 19:57:54","1285","2020-05-11 07:06:44"
"4896309","a72b67d3-0f42-4f13-aaf4-39bc753cfb11","DEU502","NW-01-0279-2011",,"Rumex","acetosa","L.","","","Rumex acetosa L.","DEU",,"2011----","false","","false","10","100","DEU022","4","2016-10-27 19:57:54","1285","2020-05-11 07:06:46"
"4896311","2293be99-a95d-4ddb-9da0-2a5925d440b3","DEU502","NW-02-0286-2012",,"Rumex","acetosa","L.","","","Rumex acetosa L.","DEU",,"2012----","false","","false","10","100","DEU022","4","2016-10-27 19:57:54","1285","2020-05-11 07:06:46"
"4896313","5dfdbc49-96d0-4460-9e28-3c368e2dde0e","DEU502","NW-01-0145-2010",,"Rumex","acetosa","L.","","","Rumex acetosa L.","DEU",,"2010----","false","","false","10","100","DEU022","4","2016-10-27 19:57:54","1285","2020-05-11 07:06:46"
"4896314","565224ff-8d51-4999-b863-1c74039c27a3","DEU502","NW-02-0284-2012",,"Rumex","acetosa","L.","","","Rumex acetosa L.","DEU",,"2012----","false","","false","10","100","DEU022","4","2016-10-27 19:57:54","1285","2020-05-11 07:06:36"
"4896317","fcb6f299-aa49-4ee5-9a62-946bc006bdaf","DEU502","NW-01-0194-2010",,"Rumex","acetosa","L.","","","Rumex acetosa L.","DEU",,"2010----","false","","false","10","100","DEU022","4","2016-10-27 19:57:54","1285","2020-05-11 07:06:52"
"4897192","caac6a35-53e9-4886-9060-ed50d63edd9a","DEU515","SO-01-0637-2012",,"Rumex","acetosa","L.","","","Rumex acetosa L.","DEU",,"2012----","false","","false","10","100","DEU502","4","2016-10-27 19:58:02","1285","2020-05-11 07:06:58"
"4897195","b08fb789-442c-4f97-b6e0-119b57d1299d","DEU515","SO-02-0231-2011",,"Rumex","acetosa","L.","","","Rumex acetosa L.","DEU",,"2011----","false","","false","10","100","DEU502","4","2016-10-27 19:58:02","1285","2020-05-11 07:06:58"
"4897208","2ca8628a-df0a-4c9d-932e-14b6347a2048","DEU515","SO-06-0392-2011",,"Rumex","acetosa","L.","","","Rumex acetosa L.","DEU",,"2011----","false","","false","10","100","DEU502","4","2016-10-27 19:58:02","1285","2020-05-11 07:06:51"
"4897211","a8edb6c6-7d73-435c-9ee7-1e2681dff368","DEU515","SO-01-0640-2012",,"Rumex","acetosa","L.","","","Rumex acetosa L.","DEU",,"2012----","false","","false","10","100","DEU502","4","2016-10-27 19:58:02","1285","2020-05-11 07:06:58"
"4897212","35068042-8e0d-41e2-9d1b-b2fd7ffc9e82","DEU515","SO-05-0220-2011",,"Rumex","acetosa","L.","","","Rumex acetosa L.","DEU",,"2011----","false","","false","10","100","DEU502","4","2016-10-27 19:58:02","1285","2020-05-11 07:06:58"
"4910722","5cb0c6ef-59a8-43ed-8516-395dfcd36b73","DEU626","SW-05-0388-2013",,"Rumex","acetosa","L.","","","Rumex acetosa L.","DEU",,"2013----","false","","false","10","100","DEU502","4","2016-10-27 20:00:00","1285","2020-05-11 07:07:54"
"4910723","20b90c29-2697-4e92-9bb5-1cd609d5f345","DEU626","SW-05-0393-2013",,"Rumex","acetosa","L.","","","Rumex acetosa L.","DEU",,"2013----","false","","false","10","100","DEU502","4","2016-10-27 20:00:00","1285","2020-05-11 07:07:38"
"4910730","3f0b72a6-905f-4d8d-939b-e372abc262c2","DEU626","SW-05-0382-2013",,"Rumex","acetosa","L.","","","Rumex acetosa L.","DEU",,"2013----","false","","false","10","100","DEU502","4","2016-10-27 20:00:00","1285","2020-05-11 07:07:52"
"4910745","e7bd885c-1955-4f8f-a171-0bb135c48179","DEU626","SW-06-0004-2011",,"Rumex","acetosa","L.","","","Rumex acetosa L.","DEU",,"2011----","false","","false","10","100","DEU502","4","2016-10-27 20:00:00","1285","2020-05-11 07:07:42"
"4910756","29cd5cb8-bd45-4b15-a228-0bacce878c72","DEU626","SW-05-0383-2013",,"Rumex","acetosa","L.","","","Rumex acetosa L.","DEU",,"2013----","false","","false","10","100","DEU502","4","2016-10-27 20:00:00","1285","2020-05-11 07:07:51"
"4910757","db196df5-2b80-4ff1-84e3-cd9bcc5557d9","DEU626","SW-05-0379-2013",,"Rumex","acetosa","L.","","","Rumex acetosa L.","DEU",,"2013----","false","","false","10","100","DEU502","4","2016-10-27 20:00:00","1285","2020-05-11 07:07:54"
"4910759","c66eaee8-bf68-4b66-989a-8a4752ce5f4d","DEU626","SW-05-0410-2013",,"Rumex","acetosa","L.","","","Rumex acetosa L.","DEU",,"2013----","false","","false","10","100","DEU502","4","2016-10-27 20:00:00","1285","2020-05-11 07:07:54"
"4910761","e98d0e81-a53d-4891-9dfd-40b87d1f4f4b","DEU626","SW-03-0232-2011",,"Rumex","acetosa","L.","","","Rumex acetosa L.","DEU",,"2011----","false","","false","10","100","DEU502","4","2016-10-27 20:00:00","1285","2020-05-11 07:07:56"
"4910766","190085aa-c380-4531-85a4-160b6c86fb6c","DEU626","SW-05-0365-2013",,"Rumex","acetosa","L.","","","Rumex acetosa L.","DEU",,"2013----","false","","false","10","100","DEU502","4","2016-10-27 20:00:00","1285","2020-05-11 07:07:43"
"4910775","087c3fb0-f6d3-488d-9c8c-138913af7d50","DEU626","SW-03-0503-2013",,"Rumex","acetosa","L.","","","Rumex acetosa L.","DEU",,"2013----","false","","false","10","100","DEU502","4","2016-10-27 20:00:00","1285","2020-05-11 07:07:42"
"4910787","1364b895-c241-4a17-b8d2-99120d910f3a","DEU626","SW-06-0124-2013",,"Rumex","acetosa","L.","","","Rumex acetosa L.","DEU",,"2013----","false","","false","10","100","DEU502","4","2016-10-27 20:00:00","1285","2020-05-11 07:07:43"
"4910789","8deecf7c-cacc-4d6c-a8a4-465bcc8873fc","DEU626","SW-06-0129-2013",,"Rumex","acetosa","L.","","","Rumex acetosa L.","DEU",,"2013----","false","","false","10","100","DEU502","4","2016-10-27 20:00:00","1285","2020-05-11 07:07:50"
"4911290","0f216ef2-8463-41dc-837b-1dbbb546a7ba","DEU626","SW-06-0135-2013",,"Rumex","acetosa","L.","","","Rumex acetosa L.","DEU",,"2013----","false","","false","10","100","DEU502","4","2016-10-27 20:00:04","1285","2020-05-11 07:07:51"
"4917686","01f3c34e-f28b-4778-beb2-43cd72304672","ESP027","NC105179",,"Rumex","acetosa","L.","","","Rumex acetosa L.","ESP",,,"false","","false","12","100",,"4","2016-10-27 20:12:48","1285","2020-05-11 07:18:00"
"4917712","0cb16e4b-0f98-4c9c-bc6c-7e6573d21aff","ESP027","NC105177",,"Rumex","acetosa","L.","","","Rumex acetosa L.","ESP",,"20160601","false","","false","13","100","ESP004","4","2016-10-27 20:12:48","1285","2020-05-11 07:18:00"
"5649879","5359960d-4212-4e4b-b4b6-feb6b8ee5500","POL003","501247",,"Lavatera","thuringiaca","L.","","","Lavatera thuringiaca L.","POL",,"2012----","false","","false","13","100",,"4","2016-10-28 00:35:06","1285","2020-05-11 10:23:03"
"5653930","c6fa8cf0-0f2b-4bf7-81ec-e11af69d387a","POL003","501235",,"Rumex","crispus","L.","","","Rumex crispus L.","POL",,"2012----","false","","false","13","100",,"4","2016-10-28 00:38:52","1285","2020-05-11 10:20:49"
"5654172","789e41e7-da20-4195-84a8-081ff802d75a","POL003","501233",,"Tanacetum","vulgare","L.","","","Tanacetum vulgare L.","POL",,"2012----","false","","false","13","100",,"4","2016-10-28 00:39:30","1285","2020-05-11 10:23:14"
"5654372","5a2be8d1-a36e-454e-b8aa-2ddf37387a8c","POL003","501236",,"Trifolium","repens","L.","","","Trifolium repens L.","POL",,"2012----","true","","false","13","100",,"4","2016-10-28 00:39:39","1285","2020-05-11 10:27:55"
"5676608","8e1d4cfb-7d7c-4fde-b2bf-62133c305316","AZE014","AzGR-4042",,"Rumex","acetosa","L.","","","Rumex acetosa L.","AZE",,"19700520","","","false","10","110",,"4","2016-10-28 02:01:15","1285","2020-05-11 06:09:20"
"6017348","95f336d9-ab72-4f84-8bdf-5b8d2a5b54b1","GBR004","951560",,"Rumex","acetosa","L.","","","Rumex acetosa L.","GBR",,"20171113","false","false","false","10;50","110",,"4","2018-04-16 06:55:47","4","2020-04-09 09:34:40"
"6285039","203ab625-0ca1-4929-b66e-1c6f4f398362","POL003","504900",,"Plantago","lanceolata","L.","","","Plantago lanceolata L.","POL",,"20170809","false","","false","13","100",,"1189","2018-12-01 00:54:08","1285","2020-05-11 10:20:00"
"6285103","7e371a50-bcc2-46e0-a9a2-1b1120f721b7","POL003","505246",,"Phleum","pratense","L.","subsp. bertolonii","(DC.) Bornm.","Phleum pratense L. subsp. bertolonii (DC.) Bornm.","POL",,"20180809","true","","false","13","100",,"1189","2018-12-01 00:56:05","1285","2020-05-11 10:32:25"
"6285234","9697b6fb-a04b-4a6e-adda-bf19c1eb4790","POL003","505233",,"Phleum","pratense","L.","","","Phleum pratense L.","POL",,"20180808","true","","false","13","100",,"1189","2018-12-01 01:00:33","1285","2020-05-11 10:25:13"
"6396930","06572205-f75e-4415-885e-e72db08e556e","POL003","504194",,"Agrostis","canina","L.","","","Agrostis canina L.","POL",,"20160701","false","","false","13;20","100",,"1285","2019-02-22 03:44:13","1285","2020-05-11 10:29:20"
"6397325","e446ed47-aaa2-4e24-a7eb-f2f1c65639bb","POL003","505028",,"Trifolium","pratense","L.","","","Trifolium pratense L.","POL",,"20171109","true","","false","13","100",,"1285","2019-02-22 04:22:12","1285","2020-05-11 10:20:00"
"6397635","bdcebc0c-bb9a-4c0e-acab-a9bc1d7b4319","POL003","504897",,"Trifolium","pratense","L.","","","Trifolium pratense L.","POL",,"20170809","true","","false","13","100",,"1285","2019-02-22 04:41:47","1285","2020-05-11 10:28:32"
"6404022","56183c36-773f-449c-9417-ff6a92646ac1","POL003","504192",,"Carex","nigra","All.","","","Carex nigra All.","POL",,"20160630","false","","false","13","100",,"1285","2019-02-24 11:58:14","1285","2020-05-11 10:28:30"
"6404158","8dc71614-9ee3-4793-83a0-5a579492a89e","POL003","505047",,"Centaurea","stoebe","Ledeb.","","","Centaurea stoebe Ledeb.","POL",,,"false","","false","13","100",,"1285","2019-02-24 11:58:36","1285","2020-05-11 10:25:57"
"6404404","2a843ec1-d287-4080-9c89-e96e7a4c694b","POL003","504811",,"Deschampsia","cespitosa","(L.) P.Beauv.","","","Deschampsia cespitosa (L.) P.Beauv.","POL",,"2015----","false","","false","13","100",,"1285","2019-02-24 12:11:56","1285","2020-05-11 10:21:29"
"6404426","f078c7ac-2e77-45fc-8fcc-e1b1a82b9a85","POL003","505029",,"Phleum","pratense","L.","","","Phleum pratense L.","POL",,"20171109","true","","false","13","100",,"1285","2019-02-24 12:11:58","1285","2020-05-11 10:25:02"
"6404447","8c701ae0-0c3b-4f55-b831-51f433d532ef","POL003","504767",,"Deschampsia","cespitosa","(L.) P.Beauv.","","","Deschampsia cespitosa (L.) P.Beauv.","POL",,"20150324","false","","false","13","100",,"1285","2019-02-24 12:12:02","1285","2020-05-11 10:25:39"
"6404451","3250deac-9e24-4329-8fb9-9b0a4ef58107","POL003","504795",,"Deschampsia","cespitosa","(L.) P.Beauv.","","","Deschampsia cespitosa (L.) P.Beauv.","POL",,"2015----","false","","false","13","100",,"1285","2019-02-24 12:12:03","1285","2020-05-11 10:31:20"
"6404491","78e8dac5-bf23-429e-a046-49b9013b1a98","POL003","504810",,"Deschampsia","cespitosa","(L.) P.Beauv.","","","Deschampsia cespitosa (L.) P.Beauv.","POL",,"2015----","false","","false","13","100",,"1285","2019-02-24 12:12:13","1285","2020-05-11 10:25:26"
"6404582","9c6eb008-6369-4471-b46c-870a44ad1984","POL003","505236",,"Phleum","pratense","L.","","","Phleum pratense L.","POL",,"20180808","true","","false","13","100",,"1285","2019-02-24 12:12:24","1285","2020-05-11 10:22:00"
"6404591","3180baa3-16c2-4551-afba-b0c857e26b8c","POL003","504800",,"Deschampsia","cespitosa","(L.) P.Beauv.","","","Deschampsia cespitosa (L.) P.Beauv.","POL",,"2015----","false","","false","13","100",,"1285","2019-02-24 12:12:25","1285","2020-05-11 10:31:14"
"6404609","14889f80-d580-4c33-8a26-390de96f4f69","POL003","505239",,"Phleum","pratense","L.","","","Phleum pratense L.","POL",,"20180808","true","","false","13","100",,"1285","2019-02-24 12:12:28","1285","2020-05-11 10:25:49"
"6404615","68f49481-29fb-46cd-a5ef-679d2ed0d44f","POL003","504193",,"Nardus","stricta","L.","","","Nardus stricta L.","POL",,"20160630","false","","false","13;20","100",,"1285","2019-02-24 12:12:28","1285","2020-05-11 10:31:03"
"6404622","7df747c5-d8b7-4cf9-9f37-02e8d32eaca6","POL003","504772",,"Deschampsia","cespitosa","(L.) P.Beauv.","","","Deschampsia cespitosa (L.) P.Beauv.","POL",,"2015----","false","","false","13","100",,"1285","2019-02-24 12:12:29","1285","2020-05-11 10:25:31"
"6404627","24334f28-2a66-4724-8e66-91be79aa2a62","POL003","504773",,"Deschampsia","cespitosa","(L.) P.Beauv.","","","Deschampsia cespitosa (L.) P.Beauv.","POL",,"2015----","false","","false","13","100",,"1285","2019-02-24 12:12:30","1285","2020-05-11 10:29:43"
"6404640","e4204574-a814-4bde-9b27-86e090beebd5","POL003","504788",,"Deschampsia","cespitosa","(L.) P.Beauv.","","","Deschampsia cespitosa (L.) P.Beauv.","POL",,"2015----","false","","false","13","100",,"1285","2019-02-24 12:12:32","1285","2020-05-11 10:26:00"
"6404643","1a1b13b5-519a-43af-a190-1cba0bf39989","POL003","505241",,"Phleum","pratense","L.","","","Phleum pratense L.","POL",,"20180808","true","","false","13","100",,"1285","2019-02-24 12:12:32","1285","2020-05-11 10:25:41"
"6404646","3ff2301c-13a5-4516-bc62-6fd008b663f5","POL003","504774",,"Deschampsia","cespitosa","(L.) P.Beauv.","","","Deschampsia cespitosa (L.) P.Beauv.","POL",,"2015----","false","","false","13","100",,"1285","2019-02-24 12:12:33","1285","2020-05-11 10:26:07"
"6404660","acf94f8d-710e-445d-b148-f79700fce2f8","POL003","504789",,"Deschampsia","cespitosa","(L.) P.Beauv.","","","Deschampsia cespitosa (L.) P.Beauv.","POL",,"2015----","false","","false","13","100",,"1285","2019-02-24 12:12:34","1285","2020-05-11 10:30:08"
"6404662","e0aec121-2e29-4199-ad0e-30feab91db73","POL003","504790",,"Deschampsia","cespitosa","(L.) P.Beauv.","","","Deschampsia cespitosa (L.) P.Beauv.","POL",,"2015----","false","","false","13","100",,"1285","2019-02-24 12:12:34","1285","2020-05-11 10:24:54"
"6404668","7f3ae485-d765-46af-b2ae-e8429eb68832","POL003","505231",,"Phleum","pratense","L.","","","Phleum pratense L.","POL",,"20180807","true","","false","13","100",,"1285","2019-02-24 12:12:35","1285","2020-05-11 10:20:53"
"6404669","5c323045-2263-4315-b0df-44bab41da0df","POL003","505245",,"Phleum","pratense","L.","","","Phleum pratense L.","POL",,"20180809","true","","false","13","100",,"1285","2019-02-24 12:12:35","1285","2020-05-11 10:24:31"
"6404671","a1973d5a-ffcd-4f4b-8b91-5eb7bee4bb85","POL003","505232",,"Phleum","pratense","L.","","","Phleum pratense L.","POL",,"20180807","true","","false","13","100",,"1285","2019-02-24 12:12:35","1285","2020-05-11 10:29:51"
"6404713","bf1dd24f-b180-4607-9017-c55a8b16b9d2","POL003","504807",,"Deschampsia","cespitosa","(L.) P.Beauv.","","","Deschampsia cespitosa (L.) P.Beauv.","POL",,"2015----","false","","false","13","100",,"1285","2019-02-24 12:12:38","1285","2020-05-11 10:25:29"
"6404718","6216006e-6809-4017-9984-3944ea1e9cc5","POL003","504805",,"Deschampsia","cespitosa","(L.) P.Beauv.","","","Deschampsia cespitosa (L.) P.Beauv.","POL",,"2015----","false","","false","13","100",,"1285","2019-02-24 12:12:39","1285","2020-05-11 10:31:14"
"6404817","93ae62bc-4957-4b0d-a019-1b05b26b2406","POL003","504220",,"Poa","compressa","L.","","","Poa compressa L.","POL",,"2014----","false","","false","13;20","100",,"1285","2019-02-24 12:13:36","1285","2020-05-11 10:31:35"
"6404875","d4fac948-e448-4731-be2f-5dc002b8256f","POL003","505025",,"Bromus","secalinus","L.","","","Bromus secalinus L.","POL",,"20171109","false","","false","13","100",,"1285","2019-02-24 12:13:55","1285","2020-05-11 10:27:03"
"6404901","fcda4bae-31bc-4f4c-b696-4d94fca70fab","POL003","501122",,"Trifolium","repens","L.","","","Trifolium repens L.","POL",,"2010----","true","","false","12","100",,"1285","2019-02-24 12:14:09","1285","2020-05-11 10:26:52"
"6405722","08945722-65c4-4f31-88fa-8d3b6bff0a00","POL003","402200",,"Poa","palustris","L.","","","Poa palustris L.","POL",,"20180717","false","","false","20","100",,"1285","2019-02-24 12:29:57","1285","2020-05-11 10:31:37"
"6405723","2c4321a1-ca7a-4d91-996a-54d1f33b9f11","POL003","402201",,"Poa","palustris","L.","","","Poa palustris L.","POL",,"20180717","false","","false","20","100",,"1285","2019-02-24 12:29:57","1285","2020-05-11 10:27:01"
"6405725","ccd2b585-f125-416d-93f5-a6ecfaaf7cbe","POL003","402202",,"Poa","palustris","L.","","","Poa palustris L.","POL",,"20180717","false","","false","20","100",,"1285","2019-02-24 12:29:59","1285","2020-05-11 10:24:48"
"6405727","646b1dd2-90b4-4490-b9bf-9b47d6faee62","POL003","402204",,"Poa","palustris","L.","","","Poa palustris L.","POL",,"20180717","false","","false","20","100",,"1285","2019-02-24 12:29:59","1285","2020-05-11 10:25:11"
"6406044","ddda8ee6-1d03-4d9a-b684-839d6491a824","POL003","504204",,"Phalaris","arundinacea","L.","","","Phalaris arundinacea L.","POL",,"20160704","true","","false","13","100",,"1285","2019-02-24 12:31:04","1285","2020-05-11 10:26:32"
"6406048","51fb0f4e-e738-43b4-a062-bf52b627d4eb","POL003","504206",,"Phalaris","arundinacea","L.","","","Phalaris arundinacea L.","POL",,"20160704","true","","false","13","100",,"1285","2019-02-24 12:31:05","1285","2020-05-11 10:21:34"
"6406054","126a7956-d3bf-4743-8909-37c326cfc52c","POL003","504211",,"Phalaris","arundinacea","L.","","","Phalaris arundinacea L.","POL",,"20160704","true","","false","13","100",,"1285","2019-02-24 12:31:05","1285","2020-05-11 10:24:36"
"6406089","fd520f71-4722-44e4-b489-181debb076cd","POL003","504202",,"Phalaris","arundinacea","L.","","","Phalaris arundinacea L.","POL",,"20160701","true","","false","13","100",,"1285","2019-02-24 12:31:11","1285","2020-05-11 10:29:26"
"6406092","38a95be3-beac-4f3c-9e8d-a327eac4a6bf","POL003","504196",,"Phalaris","arundinacea","L.","","","Phalaris arundinacea L.","POL",,"20160701","true","","false","13","100",,"1285","2019-02-24 12:31:12","1285","2020-05-11 10:26:51"
"6406201","1dec4b98-4079-44a3-8043-7a39bd4b6bdc","POL003","504186",,"Cynosurus","cristatus","L.","","","Cynosurus cristatus L.","POL",,"20160630","false","","false","13","100",,"1285","2019-02-24 12:33:10","1285","2020-05-11 10:31:16"
"6406206","56157ef0-4a60-46b2-9ef9-d86534464e2f","POL003","504187",,"Agrostis","capillaris","L.","","","Agrostis capillaris L.","POL",,"20160630","true","","false","13","100",,"1285","2019-02-24 12:33:12","1285","2020-05-11 10:25:53"
"6406227","041a6ec2-e3d7-488d-8d5d-e8e4fcf109d3","POL003","505026",,"Agrostis","capillaris","L.","","","Agrostis capillaris L.","POL",,"20171109","true","","false","13","100",,"1285","2019-02-24 12:33:17","1285","2020-05-11 10:28:04"
"6406297","880ad198-f80e-4cd3-92f1-8961e3732de4","POL003","505027",,"Agrostis","gigantea","Roth","","","Agrostis gigantea Roth","POL",,"20171109","false","","false","13","100",,"1285","2019-02-24 12:38:22","1285","2020-05-11 10:30:27"
"6406329","b36fdd32-fcf8-408d-9923-bcda0d95ebba","POL003","504898",,"Medicago","sativa","L.","subsp. sativa","unk","Medicago sativa L. subsp. sativa unk","POL",,"20170809","true","","false","13","100",,"1285","2019-02-24 12:38:31","1285","2020-05-11 10:29:47"
"6406821","afdc629a-30f6-48b7-b0d6-cbfc77ff0fc2","POL003","505214",,"Dactylis","glomerata","L.","","","Dactylis glomerata L.","POL",,"20180803","true","","false","13","100",,"1285","2019-02-24 12:39:32","1285","2020-05-11 10:24:53"
"6406848","fd54c0c0-a6b5-4af0-a948-cf087388e60d","POL003","505219",,"Dactylis","glomerata","L.","","","Dactylis glomerata L.","POL",,"20180807","true","","false","13","100",,"1285","2019-02-24 12:39:33","1285","2020-05-11 10:31:13"
"6406884","8e2baffd-7a82-482a-ad07-41d3a3f07f5b","POL003","505227",,"Dactylis","glomerata","L.","","","Dactylis glomerata L.","POL",,"20180807","true","","false","13","100",,"1285","2019-02-24 12:39:36","1285","2020-05-11 10:21:47"
"6406886","00f3dde0-533e-46b3-b96f-a73b34a8da2c","POL003","505224",,"Dactylis","glomerata","L.","","","Dactylis glomerata L.","POL",,"20180807","true","","false","13","100",,"1285","2019-02-24 12:39:36","1285","2020-05-11 10:31:16"
"6406897","989c555c-83dd-4900-b8e5-19c7570f5ed6","POL003","505229",,"Dactylis","glomerata","L.","","","Dactylis glomerata L.","POL",,"20180807","true","","false","13","100",,"1285","2019-02-24 12:39:37","1285","2020-05-11 10:27:45"
"6406964","ad642ae7-adef-4426-89eb-bf006edf262f","POL003","505211",,"Dactylis","glomerata","L.","","","Dactylis glomerata L.","POL",,"20180803","true","","false","13","110",,"1285","2019-02-24 12:39:55","1285","2020-05-11 10:23:46"
"6406967","25e7111a-7201-4d2b-8070-1a412d94b2c5","POL003","505213",,"Dactylis","glomerata","L.","","","Dactylis glomerata L.","POL",,"20180803","true","","false","13","100",,"1285","2019-02-24 12:39:55","1285","2020-05-11 10:20:41"
"6406998","e2cf53d6-295d-4d1c-930d-f6ef15f5cfd5","POL022","402212",,"Poa","pratensis","L.","","","Poa pratensis L.","POL",,,"true","","false","20","100",,"1285","2019-02-24 12:44:56","1285","2020-05-11 10:32:20"
"6407000","7c1cc2d2-cb87-4447-b2d8-f58452638d2c","POL022","402210",,"Poa","pratensis","L.","","","Poa pratensis L.","POL",,,"true","","false","20","100",,"1285","2019-02-24 12:44:56","1285","2020-05-11 10:32:20"
"6407001","1a405408-82ff-4890-8d12-35b7e73cbae2","POL022","402193",,"Phleum","pratense","L.","","","Phleum pratense L.","POL",,,"true","","false","20","100",,"1285","2019-02-24 12:44:56","1285","2020-05-11 10:32:34"
"6407003","24c00bab-4d9e-4769-a74f-5412b6c4d31c","POL022","402211",,"Poa","pratensis","L.","","","Poa pratensis L.","POL",,,"true","","false","20","100",,"1285","2019-02-24 12:44:56","1285","2020-05-11 10:32:15"
"6407011","de39837c-31fb-4dc9-9584-ece6a2c77592","POL022","402216",,"Poa","pratensis","L.","","","Poa pratensis L.","POL",,,"true","","false","20","100",,"1285","2019-02-24 12:44:58","1285","2020-05-11 10:32:20"
"6407016","6e71699d-e945-4313-af82-e3f5f3994989","POL022","402154",,"Danthonia","decumbens","(L.) DC.","","","Danthonia decumbens (L.) DC.","POL",,,"false","","false","20","100",,"1285","2019-02-24 12:44:59","1285","2020-05-11 10:32:15"
"6407039","fa9e4cc1-efca-4b63-b6f4-c8eba408af16","POL022","402143",,"Carex","ovalis","Gooden.","","","Carex ovalis Gooden.","POL",,,"false","","false","20","100",,"1285","2019-02-24 12:45:03","1285","2020-05-11 10:32:20"
"6407040","dba63524-17a5-4aec-b743-37ff06a44bc8","POL022","402218",,"Poa","palustris","L.","","","Poa palustris L.","POL",,,"false","","false","20","100",,"1285","2019-02-24 12:45:04","1285","2020-05-11 10:32:34"
"6407097","bc91a999-2ad6-4310-b853-9cc7f74d2185","POL022","402172",,"Festuca","rubra","L.","","","Festuca rubra L.","POL",,,"true","","false","20","100",,"1285","2019-02-24 12:45:10","1285","2020-05-11 10:32:15"
"6407099","76e46c79-bcb6-44b7-95b9-9b7af4fe0580","POL022","402170",,"Festuca","rubra","L.","","","Festuca rubra L.","POL",,,"true","","false","20","100",,"1285","2019-02-24 12:45:11","1285","2020-05-11 10:32:15"
"6407107","641a32a5-0f18-4860-901c-106b61501385","POL022","402139",,"Carex","echinata","Murray","","","Carex echinata Murray","POL",,,"false","","false","20","100",,"1285","2019-02-24 12:45:12","1285","2020-05-11 10:32:34"
"6499404","d780163b-2d7c-4108-b6f9-8eeaeaea7a43","POL003","505408",,"Melilotus","officinalis","Lam.","","","Melilotus officinalis Lam.","POL",,,"true","","false","13","100",,"1285","2020-01-07 18:00:35","1285","2020-05-11 10:26:56"
"6499931","d9aa3e45-c30a-40c2-8e9e-c1a2dca6114a","POL003","505257",,"Lotus","uliginosus","(L.) Schkuhr","","","Lotus uliginosus (L.) Schkuhr","POL",,"20180809","false","","false","13","100",,"1285","2020-01-07 18:00:59","1285","2020-05-11 10:21:47"
"6500323","e185602c-1786-42dd-a148-fe1fa2bcded4","POL003","505256",,"Lotus","corniculatus","L.","","","Lotus corniculatus L.","POL",,"20180809","true","","false","13","100",,"1285","2020-01-07 18:01:30","1285","2020-05-11 10:30:59"
"6501692","0c07d12f-149b-48d2-9798-d57d2621f2b1","POL003","501223",,"Arctium","tomentosum","Mill.","","","Arctium tomentosum Mill.","POL",,"2011----","false","","false","13","100",,"1285","2020-01-07 18:02:45","1285","2020-05-11 10:25:42"
"6502231","61f91b60-510b-40b4-97e9-60ffc390f9ba","POL003","505401",,"Trifolium","arvense","L.","","","Trifolium arvense L.","POL",,,"true","","false","13","100",,"1285","2020-01-07 18:03:12","1285","2020-05-11 10:27:12"
"6502846","49690556-c0cc-4aab-9f05-3edd8257b05b","POL003","505030",,"Festuca","arundinacea","SCHREB.","","","Festuca arundinacea SCHREB.","POL",,"20171109","true","","false","13","100",,"1285","2020-01-07 18:04:15","1285","2020-05-11 10:25:59"
"6504066","91369277-79a9-4ef6-92af-9ce67bd1ff09","POL003","505393",,"Achillea","ptarmica","L.","","","Achillea ptarmica L.","POL",,"2000----","false","","false","13","100",,"1285","2020-01-07 18:05:41","1285","2020-05-11 10:24:15"
"6504145","c2c2242e-bc06-4c55-9521-c1e13d4fddf8","POL003","505024",,"Bromus","hordeaceus","L.","","","Bromus hordeaceus L.","POL",,"20171109","false","","false","13","100",,"1285","2020-01-07 18:05:45","1285","2020-05-11 10:30:44"
"6504316","0e19cb06-ee0b-4179-bf8d-df270ac920df","POL003","501222",,"Alliaria","petiolata","(Bieb.) Cav. et Grande","","","Alliaria petiolata (Bieb.) Cav. et Grande","POL",,"2011----","false","","false","13","100",,"1285","2020-01-07 18:05:55","1285","2020-05-11 10:25:24"
"6506036","cd2d9226-6c91-49ea-9b3a-dc259477eaf3","POL003","500899",,"Helichrysum","arenarium","(L.) Moench.","","","Helichrysum arenarium (L.) Moench.","POL",,"2009----","false","","false","13","100",,"1285","2020-01-07 18:07:53","1285","2020-05-11 10:32:10"
"6506110","b1165e64-bb46-425f-a0d9-8532e1645602","POL003","500907",,"Vicia","cracca","L.","","","Vicia cracca L.","POL",,"2009----","true","","false","13","100",,"1285","2020-01-07 18:07:55","1285","2020-05-11 10:28:13"
"6506187","5980d501-89b0-4a81-b7cd-a8e4d0202d0c","POL022","402226",,"Astragalus","arenarius","L.","","","Astragalus arenarius L.","POL",,"20141216","true","","false","11","100",,"1285","2020-01-07 18:08:04","1285","2020-05-11 10:32:20"
"6548267","3d0954a0-8416-4c51-b382-5a65de1fe09e","ESP027","NC078842",,"Rumex","acetosa","L.","","","Rumex acetosa L.","ESP",,"20190715","false","","false","13","100","ESP004","1285","2020-02-10 12:35:28","1285","2020-05-11 07:18:22"
"6548980","bfe1a36f-2a60-454f-93ca-b3419cc52631","HRV041","MAP02939",,"Rumex","acetosa","L.","","","Rumex acetosa L.","HRV",,,"","","false","12","100",,"1285","2020-02-10 13:51:41","1285","2020-05-11 09:49:49"
"6549041","b731bbf5-bdf5-40fc-8a94-d32c2a07c605","HRV041","MAP02922",,"Rumex","acetosa","L.","","","Rumex acetosa L.","HRV",,,"","","false","12","100",,"1285","2020-02-10 13:51:48","1285","2020-05-11 09:49:22"
